2025-12-30 00:08:25,8dSC96wYhaNodjNJRGStOo737PWT4l9i+atlLfwlxJL0Vptf99M/YlfZ6l8ZgoIw
2025-12-30 00:18:47,8dSC96wYhaNodjNJRGStOo737PWT4l9i+atlLfwlxJL0Vptf99M/YlfZ6l8ZgoIw
2025-12-30 00:28:54,8dSC96wYhaNodjNJRGStOo737PWT4l9i+atlLfwlxJL0Vptf99M/YlfZ6l8ZgoIw
2025-12-30 00:39:01,8dSC96wYhaNodjNJRGStOo737PWT4l9i+atlLfwlxJL0Vptf99M/YlfZ6l8ZgoIw
2025-12-30 00:49:08,8dSC96wYhaNodjNJRGStOo737PWT4l9i+atlLfwlxJL0Vptf99M/YlfZ6l8ZgoIw
2025-12-30 01:10:06,dLAPqFiDZ7cSRp1K5y0TvscGPMwt7XgJSs3P4JVhjXJKyXmP/cMlKSXZkwzs+XLH
2025-12-30 01:20:33,dLAPqFiDZ7cSRp1K5y0TvscGPMwt7XgJSs3P4JVhjXJKyXmP/cMlKSXZkwzs+XLH
2025-12-30 01:30:40,dLAPqFiDZ7cSRp1K5y0TvscGPMwt7XgJSs3P4JVhjXJKyXmP/cMlKSXZkwzs+XLH
2025-12-30 01:40:46,dLAPqFiDZ7cSRp1K5y0TvscGPMwt7XgJSs3P4JVhjXJKyXmP/cMlKSXZkwzs+XLH
2025-12-30 01:50:53,dLAPqFiDZ7cSRp1K5y0TvscGPMwt7XgJSs3P4JVhjXJKyXmP/cMlKSXZkwzs+XLH
2025-12-30 02:01:05,dwnbaBAUXnW4/hfY/R6IzINDQlJvpXpQWUqpz4baJOzBttB8CeWlP3xbsWR02Dv8
2025-12-30 02:11:27,dwnbaBAUXnW4/hfY/R6IzINDQlJvpXpQWUqpz4baJOzBttB8CeWlP3xbsWR02Dv8
2025-12-30 02:21:33,dwnbaBAUXnW4/hfY/R6IzINDQlJvpXpQWUqpz4baJOzBttB8CeWlP3xbsWR02Dv8
2025-12-30 02:31:45,dwnbaBAUXnW4/hfY/R6IzINDQlJvpXpQWUqpz4baJOzBttB8CeWlP3xbsWR02Dv8
2025-12-30 02:41:52,dwnbaBAUXnW4/hfY/R6IzINDQlJvpXpQWUqpz4baJOzBttB8CeWlP3xbsWR02Dv8
2025-12-30 02:52:14,dwnbaBAUXnW4/hfY/R6IzINDQlJvpXpQWUqpz4baJOzBttB8CeWlP3xbsWR02Dv8
2025-12-30 03:02:21,CU20hxs5lbdnx0XYaM82HI1vUylrL+WdKUGUt92b9Gr6X9x9Nvbkl1NFZPXZaxSs
2025-12-30 03:12:27,CU20hxs5lbdnx0XYaM82HI1vUylrL+WdKUGUt92b9Gr6X9x9Nvbkl1NFZPXZaxSs
2025-12-30 03:22:34,CU20hxs5lbdnx0XYaM82HI1vUylrL+WdKUGUt92b9Gr6X9x9Nvbkl1NFZPXZaxSs
2025-12-30 03:33:17,CU20hxs5lbdnx0XYaM82HI1vUylrL+WdKUGUt92b9Gr6X9x9Nvbkl1NFZPXZaxSs
2025-12-30 03:43:39,CU20hxs5lbdnx0XYaM82HI1vUylrL+WdKUGUt92b9Gr6X9x9Nvbkl1NFZPXZaxSs
2025-12-30 03:54:06,CU20hxs5lbdnx0XYaM82HI1vUylrL+WdKUGUt92b9Gr6X9x9Nvbkl1NFZPXZaxSs
2025-12-30 04:04:13,tpAowZse7cb2bC2prdRxLrlQyJmyce1nHt9ZU/md9AfiRQbo9z9vSlscW9B61yga
2025-12-30 04:14:19,tpAowZse7cb2bC2prdRxLrlQyJmyce1nHt9ZU/md9AfiRQbo9z9vSlscW9B61yga
2025-12-30 04:24:46,tpAowZse7cb2bC2prdRxLrlQyJmyce1nHt9ZU/md9AfiRQbo9z9vSlscW9B61yga
2025-12-30 04:34:58,tpAowZse7cb2bC2prdRxLrlQyJmyce1nHt9ZU/md9AfiRQbo9z9vSlscW9B61yga
2025-12-30 04:45:05,tpAowZse7cb2bC2prdRxLrlQyJmyce1nHt9ZU/md9AfiRQbo9z9vSlscW9B61yga
2025-12-30 04:55:11,tpAowZse7cb2bC2prdRxLrlQyJmyce1nHt9ZU/md9AfiRQbo9z9vSlscW9B61yga
2025-12-30 05:05:17,B5ByP9oIyVehTHNDab8rkZoZJPmVXHFBnAmaveBz/zjaQmmcmOuxrKaDRMml34Jx
2025-12-30 05:15:24,B5ByP9oIyVehTHNDab8rkZoZJPmVXHFBnAmaveBz/zjaQmmcmOuxrKaDRMml34Jx
2025-12-30 05:25:36,B5ByP9oIyVehTHNDab8rkZoZJPmVXHFBnAmaveBz/zjaQmmcmOuxrKaDRMml34Jx
2025-12-30 05:35:48,B5ByP9oIyVehTHNDab8rkZoZJPmVXHFBnAmaveBz/zjaQmmcmOuxrKaDRMml34Jx
2025-12-30 05:46:09,B5ByP9oIyVehTHNDab8rkZoZJPmVXHFBnAmaveBz/zjaQmmcmOuxrKaDRMml34Jx
2025-12-30 05:56:16,B5ByP9oIyVehTHNDab8rkZoZJPmVXHFBnAmaveBz/zjaQmmcmOuxrKaDRMml34Jx
2025-12-30 06:06:43,in2/iFTkh39R5S6/QhWafyZQdvNagrOjtBImnXvc2s++PqupDLpsmD8BQPWiiHWC
2025-12-30 06:16:50,in2/iFTkh39R5S6/QhWafyZQdvNagrOjtBImnXvc2s++PqupDLpsmD8BQPWiiHWC
2025-12-30 06:27:12,in2/iFTkh39R5S6/QhWafyZQdvNagrOjtBImnXvc2s++PqupDLpsmD8BQPWiiHWC
2025-12-30 06:37:24,in2/iFTkh39R5S6/QhWafyZQdvNagrOjtBImnXvc2s++PqupDLpsmD8BQPWiiHWC
2025-12-30 06:48:01,in2/iFTkh39R5S6/QhWafyZQdvNagrOjtBImnXvc2s++PqupDLpsmD8BQPWiiHWC
2025-12-30 06:58:07,y/s11GLm0JRHzWzWt95r8/+i3/fE7OWX2s4Z7NbbXJT1On4N0iqvTAMZDa6bJSlq
2025-12-30 07:08:19,y/s11GLm0JRHzWzWt95r8/+i3/fE7OWX2s4Z7NbbXJT1On4N0iqvTAMZDa6bJSlq
2025-12-30 07:18:41,y/s11GLm0JRHzWzWt95r8/+i3/fE7OWX2s4Z7NbbXJT1On4N0iqvTAMZDa6bJSlq
2025-12-30 07:28:48,y/s11GLm0JRHzWzWt95r8/+i3/fE7OWX2s4Z7NbbXJT1On4N0iqvTAMZDa6bJSlq
2025-12-30 07:38:55,y/s11GLm0JRHzWzWt95r8/+i3/fE7OWX2s4Z7NbbXJT1On4N0iqvTAMZDa6bJSlq
2025-12-30 07:49:32,y/s11GLm0JRHzWzWt95r8/+i3/fE7OWX2s4Z7NbbXJT1On4N0iqvTAMZDa6bJSlq
2025-12-30 07:59:44,LuhcFDsQ/JGq6gnLIlcxM0NV15GTvBM4DwMLoE6Scm9bVCN53mndGjWDvCb5fTeM
2025-12-30 08:10:22,LuhcFDsQ/JGq6gnLIlcxM0NV15GTvBM4DwMLoE6Scm9bVCN53mndGjWDvCb5fTeM
2025-12-30 08:20:28,LuhcFDsQ/JGq6gnLIlcxM0NV15GTvBM4DwMLoE6Scm9bVCN53mndGjWDvCb5fTeM
2025-12-30 08:30:55,LuhcFDsQ/JGq6gnLIlcxM0NV15GTvBM4DwMLoE6Scm9bVCN53mndGjWDvCb5fTeM
2025-12-30 08:41:07,LuhcFDsQ/JGq6gnLIlcxM0NV15GTvBM4DwMLoE6Scm9bVCN53mndGjWDvCb5fTeM
2025-12-30 08:51:29,LuhcFDsQ/JGq6gnLIlcxM0NV15GTvBM4DwMLoE6Scm9bVCN53mndGjWDvCb5fTeM
2025-12-30 09:01:36,tCnJyvFlQdPtqvfx2cfnB619CIKy3+/bxcurTB0wUS3Z7fETr60cqrF1I8qMawIW
2025-12-30 09:11:42,tCnJyvFlQdPtqvfx2cfnB619CIKy3+/bxcurTB0wUS3Z7fETr60cqrF1I8qMawIW
2025-12-30 09:21:54,tCnJyvFlQdPtqvfx2cfnB619CIKy3+/bxcurTB0wUS3Z7fETr60cqrF1I8qMawIW
2025-12-30 09:32:05,tCnJyvFlQdPtqvfx2cfnB619CIKy3+/bxcurTB0wUS3Z7fETr60cqrF1I8qMawIW
2025-12-30 09:42:17,tCnJyvFlQdPtqvfx2cfnB619CIKy3+/bxcurTB0wUS3Z7fETr60cqrF1I8qMawIW
2025-12-30 09:52:39,tCnJyvFlQdPtqvfx2cfnB619CIKy3+/bxcurTB0wUS3Z7fETr60cqrF1I8qMawIW
2025-12-30 10:02:45,DTcMf56rvQ102l3oibMH8oe8IO1X+CsQdBQT0J5ioLW1lc3sd5+Q0445GbEG3z0D
2025-12-30 10:13:13,DTcMf56rvQ102l3oibMH8oe8IO1X+CsQdBQT0J5ioLW1lc3sd5+Q0445GbEG3z0D
2025-12-30 10:23:35,DTcMf56rvQ102l3oibMH8oe8IO1X+CsQdBQT0J5ioLW1lc3sd5+Q0445GbEG3z0D
2025-12-30 10:33:41,DTcMf56rvQ102l3oibMH8oe8IO1X+CsQdBQT0J5ioLW1lc3sd5+Q0445GbEG3z0D
2025-12-30 10:43:53,DTcMf56rvQ102l3oibMH8oe8IO1X+CsQdBQT0J5ioLW1lc3sd5+Q0445GbEG3z0D
2025-12-30 10:54:20,DTcMf56rvQ102l3oibMH8oe8IO1X+CsQdBQT0J5ioLW1lc3sd5+Q0445GbEG3z0D
2025-12-30 11:04:27,Y+VPhZ+UqrOKb+vd1uZrSmwd3ZYqJPP4YHPDKfn8hFe4sEZdSJKg/AvgIc6jyCnV
2025-12-30 11:15:04,Y+VPhZ+UqrOKb+vd1uZrSmwd3ZYqJPP4YHPDKfn8hFe4sEZdSJKg/AvgIc6jyCnV
2025-12-30 11:25:10,Y+VPhZ+UqrOKb+vd1uZrSmwd3ZYqJPP4YHPDKfn8hFe4sEZdSJKg/AvgIc6jyCnV
2025-12-30 11:35:32,Y+VPhZ+UqrOKb+vd1uZrSmwd3ZYqJPP4YHPDKfn8hFe4sEZdSJKg/AvgIc6jyCnV
2025-12-30 11:45:39,Y+VPhZ+UqrOKb+vd1uZrSmwd3ZYqJPP4YHPDKfn8hFe4sEZdSJKg/AvgIc6jyCnV
2025-12-30 11:56:00,NckT89GVRgm9ny9jxKwPCiWno/JtnaPy7WwrafrbrjsdmCQeMbb3Kq8S8q33PAfG
2025-12-30 12:06:07,NckT89GVRgm9ny9jxKwPCiWno/JtnaPy7WwrafrbrjsdmCQeMbb3Kq8S8q33PAfG
2025-12-30 12:16:13,NckT89GVRgm9ny9jxKwPCiWno/JtnaPy7WwrafrbrjsdmCQeMbb3Kq8S8q33PAfG
2025-12-30 12:26:20,NckT89GVRgm9ny9jxKwPCiWno/JtnaPy7WwrafrbrjsdmCQeMbb3Kq8S8q33PAfG
2025-12-30 12:36:58,NckT89GVRgm9ny9jxKwPCiWno/JtnaPy7WwrafrbrjsdmCQeMbb3Kq8S8q33PAfG
2025-12-30 12:47:10,NckT89GVRgm9ny9jxKwPCiWno/JtnaPy7WwrafrbrjsdmCQeMbb3Kq8S8q33PAfG
2025-12-30 12:57:22,03UvLXtAHq4t8uUqlkgww5xel8hbtsEJpDHmp5JIWgAOPgmIRZcdvKg33NzvdWBP
2025-12-30 13:07:28,03UvLXtAHq4t8uUqlkgww5xel8hbtsEJpDHmp5JIWgAOPgmIRZcdvKg33NzvdWBP
2025-12-30 13:17:56,03UvLXtAHq4t8uUqlkgww5xel8hbtsEJpDHmp5JIWgAOPgmIRZcdvKg33NzvdWBP
2025-12-30 13:28:13,03UvLXtAHq4t8uUqlkgww5xel8hbtsEJpDHmp5JIWgAOPgmIRZcdvKg33NzvdWBP
2025-12-30 13:38:35,03UvLXtAHq4t8uUqlkgww5xel8hbtsEJpDHmp5JIWgAOPgmIRZcdvKg33NzvdWBP
2025-12-30 13:48:42,L/0MsmZdhvDFS3BajpGK5Mar4VAoNX2I9FaPq1Zwo3mZKBM/v+BxQ3WrAhWgu6V9
2025-12-30 13:58:54,L/0MsmZdhvDFS3BajpGK5Mar4VAoNX2I9FaPq1Zwo3mZKBM/v+BxQ3WrAhWgu6V9
2025-12-30 14:09:01,L/0MsmZdhvDFS3BajpGK5Mar4VAoNX2I9FaPq1Zwo3mZKBM/v+BxQ3WrAhWgu6V9
2025-12-30 14:19:23,L/0MsmZdhvDFS3BajpGK5Mar4VAoNX2I9FaPq1Zwo3mZKBM/v+BxQ3WrAhWgu6V9
2025-12-30 14:29:55,L/0MsmZdhvDFS3BajpGK5Mar4VAoNX2I9FaPq1Zwo3mZKBM/v+BxQ3WrAhWgu6V9
2025-12-30 14:40:03,L/0MsmZdhvDFS3BajpGK5Mar4VAoNX2I9FaPq1Zwo3mZKBM/v+BxQ3WrAhWgu6V9
2025-12-30 14:50:40,HW2ImmnVGEs8WG/+oCuY8Gk8xSl7u5PqCtiYxYdioUlxQj9w7UDF63/1E9MQKoMd
2025-12-30 15:00:47,HW2ImmnVGEs8WG/+oCuY8Gk8xSl7u5PqCtiYxYdioUlxQj9w7UDF63/1E9MQKoMd
2025-12-30 15:10:54,HW2ImmnVGEs8WG/+oCuY8Gk8xSl7u5PqCtiYxYdioUlxQj9w7UDF63/1E9MQKoMd
2025-12-30 15:21:06,HW2ImmnVGEs8WG/+oCuY8Gk8xSl7u5PqCtiYxYdioUlxQj9w7UDF63/1E9MQKoMd
2025-12-30 15:31:13,HW2ImmnVGEs8WG/+oCuY8Gk8xSl7u5PqCtiYxYdioUlxQj9w7UDF63/1E9MQKoMd
2025-12-30 15:41:25,HW2ImmnVGEs8WG/+oCuY8Gk8xSl7u5PqCtiYxYdioUlxQj9w7UDF63/1E9MQKoMd
2025-12-30 15:51:47,3OGOwIA4l42K0H2qVPybTEDgSyGOf8V6pZQbktKBh+nyb3sWWgKJiAWSyJ+IFm1I
2025-12-30 16:02:09,3OGOwIA4l42K0H2qVPybTEDgSyGOf8V6pZQbktKBh+nyb3sWWgKJiAWSyJ+IFm1I
2025-12-30 16:12:16,3OGOwIA4l42K0H2qVPybTEDgSyGOf8V6pZQbktKBh+nyb3sWWgKJiAWSyJ+IFm1I
2025-12-30 16:22:43,3OGOwIA4l42K0H2qVPybTEDgSyGOf8V6pZQbktKBh+nyb3sWWgKJiAWSyJ+IFm1I
2025-12-30 16:32:50,3OGOwIA4l42K0H2qVPybTEDgSyGOf8V6pZQbktKBh+nyb3sWWgKJiAWSyJ+IFm1I
2025-12-30 16:43:22,3OGOwIA4l42K0H2qVPybTEDgSyGOf8V6pZQbktKBh+nyb3sWWgKJiAWSyJ+IFm1I
2025-12-30 16:53:34,RbT24nHBjxY0wnyLNqREBnzpvoHr7+WYK6FGH0rwTK00H7C0nyVYdsIjHYFDt4YU
2025-12-30 17:03:41,RbT24nHBjxY0wnyLNqREBnzpvoHr7+WYK6FGH0rwTK00H7C0nyVYdsIjHYFDt4YU
2025-12-30 17:13:48,RbT24nHBjxY0wnyLNqREBnzpvoHr7+WYK6FGH0rwTK00H7C0nyVYdsIjHYFDt4YU
2025-12-30 17:24:10,RbT24nHBjxY0wnyLNqREBnzpvoHr7+WYK6FGH0rwTK00H7C0nyVYdsIjHYFDt4YU
2025-12-30 17:34:17,RbT24nHBjxY0wnyLNqREBnzpvoHr7+WYK6FGH0rwTK00H7C0nyVYdsIjHYFDt4YU
2025-12-30 17:44:39,RbT24nHBjxY0wnyLNqREBnzpvoHr7+WYK6FGH0rwTK00H7C0nyVYdsIjHYFDt4YU
2025-12-30 17:54:51,uKNZqVhM7Qs1lrBDI8kbyr9A6PPMZHDkwpYQZQ3XWy+SXbAL/IbzfAXVPHAL/blG
2025-12-30 18:05:04,uKNZqVhM7Qs1lrBDI8kbyr9A6PPMZHDkwpYQZQ3XWy+SXbAL/IbzfAXVPHAL/blG
2025-12-30 18:15:11,uKNZqVhM7Qs1lrBDI8kbyr9A6PPMZHDkwpYQZQ3XWy+SXbAL/IbzfAXVPHAL/blG
2025-12-30 18:25:18,uKNZqVhM7Qs1lrBDI8kbyr9A6PPMZHDkwpYQZQ3XWy+SXbAL/IbzfAXVPHAL/blG
2025-12-30 18:35:40,uKNZqVhM7Qs1lrBDI8kbyr9A6PPMZHDkwpYQZQ3XWy+SXbAL/IbzfAXVPHAL/blG
2025-12-30 18:45:52,uKNZqVhM7Qs1lrBDI8kbyr9A6PPMZHDkwpYQZQ3XWy+SXbAL/IbzfAXVPHAL/blG
2025-12-30 18:55:59,BJZIjhEZm1/1HnsLA9grydb6I/P12ipeV+VbbxXXx7w6zN4zHFKWpAhkDb1suvyl
2025-12-30 19:06:26,BJZIjhEZm1/1HnsLA9grydb6I/P12ipeV+VbbxXXx7w6zN4zHFKWpAhkDb1suvyl
2025-12-30 19:16:33,BJZIjhEZm1/1HnsLA9grydb6I/P12ipeV+VbbxXXx7w6zN4zHFKWpAhkDb1suvyl
2025-12-30 19:26:56,BJZIjhEZm1/1HnsLA9grydb6I/P12ipeV+VbbxXXx7w6zN4zHFKWpAhkDb1suvyl
2025-12-30 19:37:04,BJZIjhEZm1/1HnsLA9grydb6I/P12ipeV+VbbxXXx7w6zN4zHFKWpAhkDb1suvyl
2025-12-30 19:47:26,BJZIjhEZm1/1HnsLA9grydb6I/P12ipeV+VbbxXXx7w6zN4zHFKWpAhkDb1suvyl
2025-12-30 19:57:33,nm/6bwwo01O2JpsPfmcfanDczkyF5HeHit1nCaRVsCqWtp5xqK2N8einWg4fpENg
2025-12-30 20:07:45,nm/6bwwo01O2JpsPfmcfanDczkyF5HeHit1nCaRVsCqWtp5xqK2N8einWg4fpENg
2025-12-30 20:17:58,nm/6bwwo01O2JpsPfmcfanDczkyF5HeHit1nCaRVsCqWtp5xqK2N8einWg4fpENg
2025-12-30 20:28:20,nm/6bwwo01O2JpsPfmcfanDczkyF5HeHit1nCaRVsCqWtp5xqK2N8einWg4fpENg
2025-12-30 20:38:32,nm/6bwwo01O2JpsPfmcfanDczkyF5HeHit1nCaRVsCqWtp5xqK2N8einWg4fpENg
2025-12-30 21:09:58,t6o6BLPCvSm78Kc3G7MdgtEzShzzMSuy73gmbB3pFNBDyjS5mb9EDuxNB2ObKiSe
2025-12-30 21:20:20,t6o6BLPCvSm78Kc3G7MdgtEzShzzMSuy73gmbB3pFNBDyjS5mb9EDuxNB2ObKiSe
2025-12-30 21:30:31,t6o6BLPCvSm78Kc3G7MdgtEzShzzMSuy73gmbB3pFNBDyjS5mb9EDuxNB2ObKiSe
